1,SF
1,게임물
1,느와르
1,드라마
1,로맨스
1,로맨스판타지
1,로맨틱코미디
1,무협물
1,미스터리
1,범죄
1,법정물
1,블랙코미디
1,사극
1,생존물
1,스릴러물
1,스포츠물
1,액션물
1,오컬트물
1,추리물
1,코미디
1,판타지
1,현대물
1,호러물
1,환생물
1,회귀물
1,히어로물
2,AI
2,SNS
2,가족
2,갈등
2,결혼
2,경영물
2,계약
2,고양이
2,공무원
2,공포물
2,괴담
2,괴수물
2,군사
2,권능
2,귀족
2,금기
2,기록자
2,기억
2,기억조작
2,꿈
2,다중인격
2,던전
2,도깨비
2,동아리
2,드래곤
2,로봇
2,리셋능력
2,마교
2,마법
2,마왕
2,메디컬
2,멸망
2,모험
2,무속
2,뮤지컬
2,미술
2,배틀
2,밴드
2,비밀
2,사이보그
2,사회비판
2,소방관
2,수사물
2,시간
2,시간여행
2,시간조작
2,시스템
2,신화
2,실험
2,심리물
2,아이돌
2,악당
2,악마
2,안드로이드
2,암살자
2,어드벤처
2,연금술
2,연예계물
2,영적존재
2,예술
2,오피스물
2,왕위쟁탈
2,외계
2,요괴물
2,요리
2,요정
2,용사
2,육아물
2,음악
2,의술
2,이능력
2,자연
2,작가
2,재난
2,재벌
2,저승
2,저주
2,전쟁
2,정략결혼
2,정령
2,정치물
2,정파
2,조직
2,좀비
2,종교
2,지배자
2,지옥
2,천사
2,첫사랑
2,초능력
2,추적자
2,캠퍼스물
2,타임루프
2,타임슬립
2,탐정
2,퇴마물
2,트라우마
2,편집자
2,헌터물
2,화가
3,가상세계
3,고대
3,궁정로맨스
3,궁중
3,기계도시
3,대체역사
3,디스토피아
3,도시전설
3,동양물
3,무림
3,미래
3,아포칼립스
3,왕국
3,우주
3,이세계
3,중세
3,차원이동
3,천상계
3,평행세계
3,포스트아포칼립스
3,학교
3,학원물
3,한국설화
3,황실
4,감동
4,감성
4,고전
4,동화
4,리얼리즘
4,서바이벌
4,서스펜스
4,성장물
4,치유물
4,휴머니즘
4,힐링
5,단편
5,에세이
5,여성서사
5,여행
5,역사물
5,옴니버스
5,일기형식
5,일상
5,전생물
5,시대물
